Ara,Eng,
الباب,Chapter,
التاسع,IX,
ذكر,Biography,
بعض,of some,
العلماء,of the main wise,
والصالحين,and holy people,
الذين,who,
سكنوا,inhabited,
تنبكت,Tombouctou,
سلفاً,at various times,
وخلفا,at various times,
رحمهم,have mercy on them,
الله,God,
تعالى,show,
ورضى,his satisfaction,
عنهم,them,
ونفعنا,and let us profit,
ببركاتهم,from their influence, 
في,in,
الدارين,this world and the next,
وذكر,mention,
بعض,of,
فضائلهم,their merits,
ومآثرهم,and their works,
ها,0,
وكفي,0,
في,in,
ذلك,this regard,
ما,what,
رواه,has been reported  by,
الشيوخ,people,
الثقات,trustworthy,
عن,from,
الشيخ,the master,
العالم,the learned,
الفاضل,the eminent,
الصالح,the holy character,
الولي,the author,
ذى,of,
الكرامات,prodigies,
والعجائب,and miracles,
الفقيه,the jurisconsult,
القاضى,cadi,
حمد,Mohammed,
الكابري,El-Kabari,
رحمه,have mercy on him,
الله,God,
تعالى,it will suffice,
انه,this is what,
قال,he said,
ادركت,I have known,
من,0,
صالحى,saints,
سكرى,from Sankore,
من,whose,
لا,never,
يقدم,have been surpassed,
عليم,0,
في,0,
الصلاح,virtues,
احد,by anyone,
الا,except,
اصحاب,the companions,
رسول,of the Envoy,
الله,of God,
صلى,bless,
الله,God,
عليه,him,
وسلم,and give,
ورضى,his satisfaction,
عنهم,them,
اجمعين,all,
"،",0,
منهم,among these people,
الفقيه,the jurisconsult,
الحاج,El-Hâdj,
جد,grandfather,
القاضى,of the cadi,
عبد,Abd,
الرحمان,errahman,
بن,ben,
ابي,Abou,
بكر,Bekr,
بن,ben,
الحاج,El-Hâdj,
تولى,He was invested with,
القضاء,the functions of cadi,
بتبكت,of Timbuktu,
في,in,
اواخر,the last years,
دولة,of the dynasty,
اهل,of the people,
ملى,of Melli,
وهو,He,
اول,was the first,
من,0,
ام,to order,
الناس,0,
بقراءة,the reading,
نصف,of half,
حزب,a hizb,
من,of,
القران,the Koran,
التعاليم,as a teaching,
في,in,
جامع,the mosque,
سكرى,of Sankore,
بعد,after,
صلاة,the prayer,
العصر,asr,
وبعد,and after,
صلاة,the prayer,
العشاء,evening,
جاء,came,
هو,He,
واخوه,together with his brother,
السيد,0,
الفقيه,the jurisconsult,
ابراهيم,Ibrahim,
من,from,
بير,Biro,
فسكن,and he established himself,
في,in,
بنك,Benka,
قبره,his tomb,
معروف,well-known,
هناك,where is located,
بزار,to which people go on pilgrimage,
قيل,it is said ,
انه,that,
من,he was,
الابدال,a thaumaturguist,
وروى,and has reported,
عن,0,
شيخ,our master,
الفاضل,the eminent,
الزاهد,the ascetic,
الفقيه,the jurisconsult,
الامين,El-Amin,
بن,ben,
احمد,Ahmed,
انه,0,
قال,0,
جاءت,it was,
غزوة,made his expedition,
سلطان,the Sultan,
موش,of Mossi,
فى,in,
زمانه,his time,
الى,against,
بنك,Benka,
فخرج,went out,
الناس,the population,
الى,to,
قتاله,fight the enemy,
ووجد,and at this,
الحال,time,
ان,0,
الجاعة,a certain number of people,
قعود,were sitting,
عنده,near El-Hâdj,
ساعتئذ,0,
فتكلم,he said,
بما,0,
تكلم,he said,
على,some,
شى,words,
من,about,
الدخن,millet,
وامرهم,and invited the people,
بكله,to eat it,
فأكلوه,All of them ate it,
الا,except for,
واحد,one person,
منهم,0,
وهو,0,
صهره,the son-in-law of El-Hajj,
فاستحى,who did not dare to do so,
لاجل,because,
المصاهرة,of the ties of kinship  that bound him to him,
|,0,
وقال,said the saint,
لهم,0,
اذهبوا,Go now,
الى,to ,
القتال,battle,
ولا,and nothing,
يضرك,you will have to fear,
من,from,
سهامهم,the enemy's dashes,
فسلموا,"indeed, came back safe and sound",
جميعاً,"All,",
الا,and only,
الرجل,the person,
الذى,who,
لم,had not,
ياكله,eaten millet,
فات,died,
من,in,
ذلك,this,
القتال,fight.,
فانهزم,routed,
سلطان,The Sultan,
موش,of Mossi,
وطردوه,was driven out,
مع,as well as,
جيشها,his troops,
وما,without having,
نالوا,obtained the least advantage,
من,over,
اهل,the people,
بنك,of Benka,
ببركة,and that thanks to the protection,
هذا,of this,
السيد,person,
المبارك,holy,
ومنه,From this El-Hâdj ,
تنسل,descended,
والى,the holy personage,
الله,in God,
تعالى,0,
الفقيه,the jurisconsult,
ابراهيم,Ibrahim,
بن,son,
ولى,holy,
الله,0,
تعالى,0,
الفقيه,the jurisconsult,
القاضى,the cadi,
عمر,Omar,
الساكن,living,
يندبغ,in Yendibo'o,
وهما 1,Both the father and the son,
من,were,
عباد,worshippers,
الله,of God,
الصالحين,fervent,
اسكيا,Askia,
الحاج,El-Hâdj ,
حمد,Mohammed,
هو,It was,
الذى,who,
ولاه,appointed Omar,
قضاء,as cadi,
تلك,in this,
الاحية,region,
وله,The latter had,
ابن,a nephew (son,
اخت,of his sister),
كان,who,
يزور,went on pilgrimage,
تنبكت,to Timbuktu,
بعض,from,
الاحيان,time to time,
فاشتك,came to complain,
به,of this city,
القاضى,the cadi,
الفقيه,the jurisconsult,
محمود,Mahmoud,
عند,to,
الامير,the Emir,
اسكا,Askia,
الحاج,El-Hâdj ,
محمد,Mohammed,
انه,that this nephew,
ينقل,was spying and then reporting it,
كلامهم,on what he was saying,
الى,to,
اهل,the people,
يندبغ,of Yendibo,
على,0,
وجه,0,
النميمة,0,
فلما,When,
زل,the prince camped,
تل,at Tila,
جاءه,came,
الفقيه,0,
القاضى,Cadi,
عمر,Omar,
فى,0,
جماعته,surrounded by,
من,of,
اهل,the notables,
يلدغ,of the town of Yendibo'o,
للسلام,to greet,
عليه,him,
فسال,asked the prince,
عن,Where,
ابن,this nephew,
اخته,this nephew,
قالوا,was the reply,
له,0,
هاهو,Here he is,
ذا,so,
قال,he added,
له,0,
انت,it is you,
الذى,who,
تناقل,are reporting,
الكلام,the words spoken,
بين,by,
الفقيه,the jurisconsult,
محمود,Mahmud,
وبين,to,
خالك,your maternal uncle,
بالنميمة,this speech,
فنضب,on hearing,
القاضى,the cadi,
عمر,Omar,
وقال,cried out in anger,
له,0,
انت,you,
هو,it is,
التمام,are the cause of all these intrigues,
الذى,who,
جعلت,since you have appointed,
القاضى,a cadi,
في,in,
تنبكت,Timbuktu,
وجعلت,and,
القاضى,another,
في,in,
ينديغ,Yendibo'o,
فقام,Thereupon,
مغضباً,highly irratated,
فسار,the cadi headed,
نحو,for,
المرمى,the port,
قال,saying,
لاصحابه,to his companions,
نسير,Let's leave,
ونقطع,let's cross,
البحر,the river,
وتمشى,and let's go,
في,0,
حالنا,0,
فلما,When,
وصل,the cadi arrived,
البحر,of the river,
اراد,at the edge,
ان,he was about,
يدخل,to enter ,
فيه,it,
قالوا,when told,
له,he was,
القارب,the boat,
ما,has not ,
كانت,arrived,
الساعة,yet,
اصبر,wait,
حتى,until,
يجى,it comes,
قال,he answered,
ولو,and if,
لم,none,
يكن,there was,
ففهموا,"His companions, understanding",
منه,0,
أنه,that he,
يقطع,wanted to cross,
البحر,the river,
بلا,without,
قارب,waiting for the boat,
فامسكوه,held him back,
واجلسوه,and made him sit down,
حتى,until ,
جاء,had arrived,
القارب,the boat,
وقطعوا,and then they all crossed the river,
معه,together,
رحمهم,have mercy on them,
الله,God,
ونفعنا,and let us benefit,
بهم,from them!,
امين,Amen!,
"،",0,
ومنهم,0,
الفقيه,the ,
ابو,Abu-,
عبد,Abd,
الله,ullah-,
اند,Anda-,
غمحمد,Ag-Mohammed-,
بن,ben-,
حمد,Mohammed-,
بن,ben-,
عثمان,Otsmân-,
بن,ben-,
محمد,Mohammed-,
بن,ben-,
نوح,Nouh,
معدن,a treasure,
العلم,of science,
والفضل,merits,
والصلاح,and virtues,
و,0,
منه,From him,
تنسل,came,
كثير,many,
من,0,
شيوخ,masters,
العلم,of science,
والصلاح,and holy  people,
منهم,some,
من,from,
جهة,side,
الاباء,his father's,
ومنهم,others,
من,from ,
جهة,side,
الامهات,his mother's,
ومنهم,and others,
من,from,
جهتهما,both sides,
معا,at the same time,
فهو,This,
عالم,scholar,
جليل,illustrious,
قاضى,was a cadi,
المسلمين,of the Muslims,
"،",0,
قال,said,
العلامة,the very learned,
الفقيه,jurisconsult,
احمد,Ahmed-,
بابا,Baba,
رحمه,have mercy on him!),
الله,(God,
هو,He was,
اول,the first,
من,who,
خدم,devoted himself,
العلم,to science,
من,of ,
اجداده,my ancestors,
فيما,as far as,
اعلم,I can tell,
وهو,he was,
جد,my paternal great-great-grandfather,
جدى,my paternal great-great-grandfather,
لامه,my paternal great-great-grandfather,
ابو,the father,
امجدى,of my grandfather's mother,
تولى,He was appointed,
القضاء,to the position of cadi,
بتنبكت,of Timbuktu,
في,in ,
اواسط,the midle,
القرن,of the century,
التاسع,ninth,
قلت,I add that,
وذلك,at that time,
فى,0,
دولة,reigned in this city,
التوارق,the Tuareg,
ثم,After him,
عمر,it was Omar,
والد,the father,
جدّى,of my grandfather,
فكان,he was also,
فقياً,a jurisconsult,
عالماً,a theologian,
صالحاً,a pious character,
قرأ,he had followed the courses,
على,0,
الفقيه,of the jurisconsult,
الصالح,the virtuous,
القاضى,cadi,
مودب,Mouaddib-,
محمد,Mohammed-,
الكبرى,El-Kabari,
-١٠,0,
انتهي,Here ends,
كلام,the quotation of the words,
الفقيه,of the jurisconsult,
احمد,Ahmed-,
بابا,Baba,
مختصراً,in summary,
"،",0,
ومنهم,0,
ولده,The son of the previous one,
الفقيه,the jurisconsult,
المحتار,El-Mokhtâr,
النحوي,grammarian,
العالم,and scholar,
بكل,in all,
فن,branches,
من,0,
فنون,0,
العلم,of science,
.,0,
عاصر,the contemporary,
هو,he was,
وابوه,as well as his father,
مع,of,
الفقيه,the jurisconsult,
العالم,of the scholar,
القطب,the pole,
ولي,the holy personage,
الله,in God,
تعالى,0,
سيد,Sidi,
1,0,
يحي,Yahya-,
التادلسى,Et-Tâdelsi,
رحمهم,have mercy on them all,
الله,God,
تعالى,and show,
ورضى,his satisfaction!,
عنهم,them,
توفي,He died,
رحمه,0,
الله,0,
تعالى,0,
في,towards,
اواخر,the end,
العام,of the year,
الثانى,922 (1516),
والعشرين,922 (1516),
بعد,922 (1516),
تسعمائة,922 (1516),
"،",0,
ومنهم,0,
ولده,the brother of the previous one,
ايضاً,0,
الفقيه,the jurisconsult,
عبد,Abd,
الرحمن,errahman,
عالم,He had a thorough knowledge,
التهذيب,of the Tehdib,
البرادعى,of El-Berâdi'i,
النقى,a pious,
الحليم,and gentle man,
ولم,without,
يترك,died leaving,
عقباً,any prosperity,
الا,other than,
ابنة,daughter,
واحدة,an only,
"،",0,
ومنهم,0,
حفيده,the grandson,
ابو,of Abu-,
العباس,Abbâs-,
احمد,Ahmed-,
بزى,Boryo-,
بن,ben-,
احمد,Ahmed-,
بن,ben-,
اند,Anda-,
غمحمد,Ag-Mohammed,
العالم,this scholar,
النقي,pious,
المقال,detached himself,
من,from,
الدنيا,the goods of this world,
المتواضع,and lived in humility,
لله,the greatest,
تعالى,the greatest,
اخذ,the teacher,
عنه,he was,
العلم,the teacher,
جماعة,the teacher,
كثيرة,many,
من,of,
شيوخ,masters,
العلم,of science,
من,among,
المتاخرين,the modern,
من,0,
اهل,inhabitants,
سكرى,of Sankore,
رحمه,have mercy on him!),
الله,(God,
تعالى,0,
"،",0,
ومنهم,0,
حفيده,another grandson of Abu-Abdullah,
ابو,named Abu-,
عبد,Abd,
الله,ullah-,
اند,Anda-,
غمحمد,Ag-Mohammed,
بن,son,
الفقيه,of the jurisconsult,
الختار,El-Mokhtâr,
النحوي,the grammarian,
بن,the son,
اند,of Anda-,
غمحمد,Ag-Mohammed,
امام,was the imam,
مسجد,of the mosque,
سنكرى,of Sankore,
سلم,He was appointed,
فيها,to this post,
شيخ,by the sheikh-,
الاسلام,el-islam,
ابو,the father,
البركات,of blessings,
الفقيه,the jurisconsult,
القاضى,the cadi,
حمود,Mahmud,
عند,when the latter because of,
كبر,old,
سنه,age,
فولاه,his functions,
اياها,resigned,
وهو,He was,
عالم,a scholar,
تقي,shy,
ورع,modest,
متواضع,humble,
واثق,full of trust,
بالله,in God,
شهير,and known,
في,for,
علم,his knowledge,
العربية,of the Arabic langauge,
مادح,he celebrated the glory,
رسول,of the Prophet,
الله,(may God shower,
صلى,blessings,
الله,his,
عليه,on him,
وسلم,and grant him salvation,
مسرد,he gave a complete reading,
لكتاب,of the book,
الشفاء,entitled: Ech-Chifa,
للقاضى,of cadi,
عياض,Iyad,
رحمه,have mercy on him!),
الله,(God,
تعالى,0,
في,during,
رمضان,Ramadan,
في,in,
مسجد,the mosque,
سنكرى,of Sankore,
رحمه,have mercy on him!),
الله,(God,
تعالى,0,
"،",0,
ومنهم,0,
ابو,Abu-,
عبد,Abd,
الله,ullah-,
حمد,Mohammed,
بن,son,
الامام,of Imam,
اند,Anda-,
غمحمد,Ag-Mohammed,
المادح,the panegyrist,
رسول,of the Prophet,
الله,0,
صلى,0,
الله,0,
عليه,0,
وسلم,0,
المسرد,and the reader,
لكتاب,of the book,
الشفاء,of Sankore,
للقاضى,of the caïd,
عياض,Iyad,
بعد,after,
موت,the death,
ابيه,of his father,
في,in,
مسجد,the mosque,
سكرى,of Sankore,
الى,he fulfilled this office until,
ان,0,
مات,his death,
رحمه,be merciful to him!),
الله,(God,
تعالى,0,
"،",0,
ومنهم,0,
الفقيه,the jurisconsult,
المختار,El-Mokhtâr-,
بن,ben-,
محمد,Mohammed,
بن,son,
الفقيه,of the jurisconsult,
الختار,El-Mokhtâr-,
النحوى,the grammarian,
بن,ben-,
اند,Anda-,
غمحمد,Ag-Mohammed,
المادح,the panegyrist,
رسول,of the Prophet,
الله,0,
صلى,0,
الله,0,
عليه,0,
و,0,
سلم,0,
المنفق,He paid,
عن,0,
المداحين,bards,
في,on,
ميلاد,the occasion of the nativity feast,
النبي,Prophet's,
صلى,0,
الله,0,
عليه,0,
وسلم,0,
ويطرب,and took,
لذلك,in hearing them,
غاية,great,
الطرب,pleasure,
ويبذل,he was very active,
جهده,field,
فيه,in this,
الى,until,
ان,0,
مات,his death,
رحمه,have mercy on him!),
الله,(God,
تعالى,0,
"،",0,
ومنهم,0,
ابنه,The son of the previous one,
الفقيه,the jurisconsult,
حمد,Mohammed-,
سن,San,
"""",0,
بن,son,
الفقيه,of the jurisconsult,
المحتار,El-Mokhtâr,
شيخ,chief,
المدّاحين,of the panegyrists,
فقام,he continued,
به,his father's work,
احسن,0,
قيام,0,
السكينة,in this office,
والوقار,and displayed great dignity,
على,0,
الدوام,always,
والاستمرار,0,
الى,until,
ان,0,
توفي,his death,
رحمه,0,
الله,0,
تعالى,0,
كان,He was,
خيراً,a good man,
فاضلاً,eminent,
نقياً,pious,
زاهداً,devout,
ورعاً,modest,
ذا,well-bred,
مروة,and exact,
ووفاء,in fufilling,
وعهد,his promises,
لازمته,and commitments,
من,from,
حين,the time,
الطفولية,of his first mass,
الى,until,
القضاء,the end,
عمره,of his life,
والحمد,Praise ,
لله,be to God,
على,0,
ذلك,0,
وهو,He was,
من,0,
ذرية,a descendant,
الفقيه,of the jurisconsult,
اند,Anda-,
غمحمد,Ag-Mohammed,
الكبير,the elder (or the great),
من,on,
جهة,side,
الاب,his father's,
والام,and mother's,
وامه,His mother was,
بيت,the daughter,
الفقيه,of the jurisconsult,
الامام,the Imam,
اند,Anda-,
غمحمد,Ag-Mohammed,
وكذلك,Likewise,
الفقيه,the jurisconsult,
القاضى,cadi,
أحمد,Mohammed-,
قرينك,Qarayenki,
واخوه,and his brother,
الفقيه,the jurisconsult,
القاضى,cadi,
سيد,Sidi,
احمد,Ahmed,
امهما,both had as their mother,
بنت,the daughter,
الفقيه,of the jurisconsult,
الامام,the Imam,
اند,Anda-,
غمحمد,Ag-Mohammed,
وابوها,and their father was,
الفقيه,the jurisconsult,
اند,Anda-,
غمحمد,Ag-Mohammed,
ابن,the son,
الفقيه,of the jurisconsult,
اند,Anda-,
غمحمد,Ag-Mohammed-,
بن,ben-,
احمد,Ahmed-,
برى,ben-Boryo-,
بن,ben-,
احمد,Ahmed,
بن,the son,
الفقيه,of the jurisconsult,
اند,Anda-,
غمحمد,Ag-Mohammed,
الكبير,the great,
ولهذا,This,
الامام,imam,
المبارك,blessed,
خمس,had five,
بنات,daughters,
مباركات,blessed,
كلهن,who all,
ولدن,gave birth to,
رجلاً,men,
مباركين,blessed,
هاتان,first the two,
المذكورتان,we have just mentioned,
الثالثة,the third,
ام,was the mother,
شيخ,of the master,
الشيوخ,of masters,
امام,of the imam,
مسجد,of the mosque,
ستكرى,of Sankore,
الفقيه,the jurisconsult,
محمد,Mohammed-,
بن,ben,
محمد,Mohammed-,
كرى,Korai,
والرابعة,the fourth,
ام,gave birth to,
حامل,the bearer,
كتاب,of the book,
الله,holy,
تعالى,0,
حمد,Mohammed-,
بن,ben-,
يذغرين,Yomzoghorbir,
والخامسة,finally the fifth was,
ام,the mother,
احمد,of Ahmed-,
ماتن,Mâtina-,
بن,ben-,
أسكل,Asikala,
اخت ,brother ,
"أكرى""",of Atakorai,
"،",0,
ومنهم,0,
ابو,Abou,
العباس,l-'Abbâs-,
الفقيه,the jurisconsult,
احمد,Ahmed-,
بن,ben-,
اند,Anda-,
غمحمد,Ag-Mohammed-,
بن,ben-,
محمد,Mohammed,
بن,son,
الفقه,of the jurisconsult,
اند,Anda-,
غمحمد,Ag-Mohammed,
الكبير,the great,
الزكي,he was a pure,
الفطن,and wise,
العالم,well educated,
بفنون,in various branchs,
العلم,of science,
من,0,
الفقه,law,
والنحو,grammar,
والاشعار,poetry,
وغير,etc.,
ذلك,etc.,
رحمه,have mercy on him!),
الله,(God,
تعالى,0,
-١٦,0,
ومنهم,0,
ابو,Abu-,
محمد,Mohammed-,
عبد,Abd,
الله,allah,
بن,son,
الفقيه,of the jurisconsult,
احمد,Ahmed-,
بزى,Boryo-,
بن,ben-,
احمد,Ahmed,
بن,son,
الفقيه,of the jurisconsult,
اند,Anda-,
غمحمد,Ag-Mohammed,
الكبير,the great,
وهو,He was,
من,0,
ذريته,descended from this personage,
من,by,
جهة,the sides,
الاب,paternal,
والام,and maternal,
لان,0,
امه,His mother was,
اخت,the sister,
الفقيه,of the jurisconsult,
ابى,Abou,
العباس,l-'Abbâs-,
احمد,Ahmed-,
بن,ben-,
اند,Anda-,
غمحمد,Ag-Mohammed,
كان,he was,
مفتياً,Mufti,
في,of,
زمنه,his time,
نحوياً,grammarian,
لغوياً,lexicographer,
متواضعاً,modest man,
شهر,famous,
في,in,
زمنه,his time,
بعلم,by his knowledge,
القران,of the Qur'an,
والتوثيق,and of the notarial profession,
رحمه,have mercy on him!),
الله,(God,
تعالى,0,
"،",0,
ومنهم,0,
اسباطه,of the grandsons,
الثلاثة,three,
شيوخ,These sheik-,
الاسلام,al-islam,
الايمة,imams,
الاعلام,the learned,
الفقيه,the jurisconsult,
عبد,Abd,
الله,allah,
والفقيه,the jurisconsult,
الحاج,El-Hâdj-,
احمد,Ahmed,
والفقيه,and the jurisconsult,
محمود,Mahmoud,
ابناء,all three sons,
الفقيه,of the jurisconsult,
عمر,Omar-,
ابن,ben-,
حمد,Mohammed-,
اقيت,Aqit,
قال,said,
فيهم,about these three characters,
العارف,The scholar,
بالله,in God,
تعالى,0,
القطب,the pole,
سيدى,Sidi,
محمد,Mohammed-,
البكري,El-Bekri,
احمد,Ahmed,
ولي,was a saint,
محمود,Mohammed,
ولي,was a saint,
عبد,Abd,
الله,allah,
"""",0,
ولى,was a saint,
لولا,if he had not lived,
انه,this last one would be well known as a saint,
في,in,
قرية,a village,
وقد,for,
بقي,he remained,
في,in,
تازخت,Tâzekhta,
حتى,until,
توفي,his death,
فيه,0,
ووصى,he had recommended,
ان,that,
لا,not be,
يغسله,washed his body,
احد,by anyone,
الا,except,
تلميذه,by his disciple,
ابراهيم,Ibrahim,
جد,grandfather,
حبيب,Habib-,
بن,ben-,
عقد,Mohammed-,
بابا,Baba,
فانى,When Ibrahim came to perform his funeral task,
ووجد,he found,
سراجاً,a lamp,
موقداً,lighted,
عند,next to,
ه,the deceased,
فقال,he said,
لاهل,to the members,
بيته,family,
اين,Where is,
سبحة,rosary,
الشيخ,the sheik's,
فاى,they brought it,
به,to him,
فأمر,Then he had,
بإطفاء,extinguished,
السراج,the lamp,
فوضع,and put,
السبحة,the rosary,
فى,in,
مكان,its place,
فسطع,came out,
منها,of the rosary,
نور,a bright light,
اضاءت,and illuminated,
البيت,the room,
حتى,until,
فرغ,the end,
من,of,
الغسل,the washing,
"،",0,
واما,0,
الحاج,El-Hâdj,
احمد,Ahmed,
فهو,was,
من,a,
عباد,servant,
الله,of God,
الصالحين,pious,
والعلماء,and doctor,
العاملين,practicing,
"،",0,
واما,As for,
محمود,Mahmud,
فهو,he is,
صاحب,the author,
كرامات,of prodigies,
وبركات,and blessings,
كثيرات,many,
وكم,How many times,
نودى,invoked,
في,in,
مواطن,places,
الغيبة,deserted,
تفريج,to avert,
الشدائد,a danger,
والملمات,or accident,
فحضر,he appeared,
وانفذ,and cleared the one who called him,
وبعد,0,
ما,When,
دفن,buried,
اخوه,his brother,
الأكبر,elder,
الحاج,El-Hâdj-,
احمد,Ahmed,
رحمه,have mercy on him,
الله,God,
تعالى,0,
ونفعنا,and help us,
به,for his sake!),
ورجع,he returned,
لداره,home,
صار,0,
حزيناً,saddened,
جدا,so,
بحيث,that he,
يعزبه,who came to offer him their condolences,
الناس,the people,
ولا,did not,
يفطن,pay any attention,
لهم,0,
فيما,When,
حذا,he arrived,
بدار,in front of the house,
عثمان,of Otsmân-,
طالب,Thảleb,
تنفس,he sighed,
الصعداء,deeply,
وقال,and cried out,
الان,Now,
افترق,has left me,
اخى,my brother,
احمد,Ahmed,
مع,he is with,
الملائكة,the angels,
وعلم,understood,
الناس,everyone,
انه,that he,
يشاهدهم,saw the angels,
ولذلك,and that is why,
تحزن,he was saddened,
وهذا,This is,
نوع,a kind,
عظيم,remarkable,
في,of,
الكرامات,wonder,
والمكاشفات,and divination,
وروى,reported,
عن,the following fact,
الفقيه,was the jurisconsult,
المصلى,El-Mosalli,
وهو,the person,
من,0,
أكبر,main,
شهود,who attended,
مجلسه,Mahmoud's meetings,
واسمه,whose real name was,
الفقيه,0,
اند,Anda-,
غمحمد,Ag-Mohammed,
بن,ben-,
ملوك,Mellouk-,
بن,ben-,
احمد,Ahmed-,
بن,ben-,
الحاج,El-Hâdj-,
الدليمى,Ed-Doleïmi,
من,from,
اهل,the family,
الزاوية,of the Zaouïa,
في,in,
المغرب,Morocco,
وهو,and who was also,
سمى,called,
جد,the grandfather,
الفقيه,of the jurisconsult,
محمود,Mahmoud,
من,0,
امه,maternal,
ولقب,His nickname,
بالمصلى,was El-Mosalli,
لكثرة,because of the numerous,
صلاة,prayers he used to do,
في,in,
المسجد,the mosque,
أنه,this El-Mosalli,
قال,,
عزمت,I had formed,
على,0,
خطبة,the project,
ابنة,of asking for the hand of one of his daughters,
منه,the shiek,
فكتبت,and I had written,
البراءة,my request,
متى,with,
فعزمت,the intention,
متى,when,
خرج,had withdrawn,
جميع,all,
جلسائه,the ordinary assitance,
وبقيت,and would be alone,
انا,we,
وهو,we,
اعطيتها,of giving it to him,
اياه,No sooner,
فلما,0,
تخاليت,were we alone,
معه,0,
بدانى,than first,
بالكلام,he spoke,
وقال,and said,
الطيور,Birds,
التى,that are,
تحد,of the same,
جنسها,species,
هى,are,
التى,the only ones,
تجمع,together,
في,0,
الطيران,that fly,
فعلمت,I understood ,
حينئذ,then,
ان,that,
كوشف,he had guessed,
على,0,
ما,0,
عزمت,my project,
عليه,0,
فتركتها,and I abandoned it,
وتوقي,died,
المصلى,El-Mosalli,
رحمه,have mercy on him!),
الله,(God,
سنة,in the yeare,
خمس,995,
وتسعين,995,
وتسعمائة,995,
بعد,at,
ما,that time,
اخذ,had held,
العلامة,the very learned,
الفقيه,the jurisconsult,
القاضى,the cadi,
ابو,Abu-,
حفص,Hafs-,
عمر,Omar,
سنتين,for two years,
في,the,
القضاء,office of cadi,
"،",0,
ومنهم,0,
ابو,Abu-,
حفص,Hafs-,
عمر,Omar-,
ابن,ben-,
الحاج,El-Hâdj-,
احمد,Ahmed-,
بن,ben-,
عمر,Omar-,
بن,ben-,
محمد,Mohammed-,
اقيت,Aqît,
النحوي,the grammarian,
المادح,he was always praising,
الرسول,the Prophet,
الله,0,
صلى,0,
الله,0,
عليه,0,
وسلم,0,
صباحاً,in the morning,
ومسا,and in the evening,
المسرد,he was always reading,
الكتاب,the whole book,
الشفا,of Ech-Chifa,
في,0,
كل,and every,
يوم,day,
رمضان,of Ramadan,
في,in,
مسجد,the mosque,
سنكرى,of Sankore,
الواصل,He was kind,
رحمه,to his family,
المتعاهد,and very attached,
لاقاربه,to his relatives,
يتفقدهم,inquring,
في,about,
صحتهم,their health,
ويعودهم,and visiting them,
فى,during,
مرضمهم,their illnesses,
المنشر,He welcomed with,
وجهه,the same open face,
الخاصة,great,
والعامة,and small,
المتوفى,He died,
شهيداً,as a martyr,
في,in,
مدينة,the city,
مراكش,of Merrakech,
رحمه,have mercy on him,
الله,God,
تعالى,0,
ورضى,show satisfaction,
عنه,him,
وبرد,cool,
ضريحه,his grave,
واسكنه,and make him dwell,
اعلى 1,in,
الفراديس,the highest heaven,
"فسيحه،",in a large house,
ومنهم,0,
اخو,the brother of the previous one,
وابو,Abou-,
بكر,Bekr,
المعروف,known as ,
بابكر,Aboukar-,
بير,Bir-,
بن,ben-,
الحاج,El-Hâdj-,
احمد,Ahmed-,
بن,ben-,
عمر,Omar-,
بن,ben-,
حمد,Mohammed-,
اقيت,Aqît,
العالم,He was a scholar,
الزاهد,ascetic,
المتصدق,and charitable,
المتفق,and he provided for the needs,
على,of,
الايتام,orphans,
والتلاميذ,and students,
المتغرب,0,
في,During,
أيام,0,
دولته,his reign,
مع,with,
جميع,all,
عياله,his wives,
واولاده,and children,
الى,to ,
مجاورة,be near,
رسول,the Envoy,
الله,of God,
صلى,shower blessings,
الله,(God,
عليه,on him,
وسلم,and grant him salvation!),
حبا,In his love,
لله,for God,
ولرسوله,and his Prophet,
صلى,0,
الله,0,
عليه,0,
وسلم,0,
وسكن,he settled,
المدينة,in the city of Madinah,
المشرفة,nobel,
الى,and remained there until,
ان,0,
مات,his death,
مع,with,
كافة,all,
عياله,his family,
في,in,
جوار,the neighborhood,
المصطفى,of the Chosen One,
-١٧,0,
صلى,0,
الله,0,
عليه,0,
وسلم,0,
وقد,He had already,
عزم,concieved the idea,
على,of,
ترحيلهم,taking with him,
حين,0,
حج,his pilgrimage to Mecca,
في,on,
المرة,0,
الاولى,first,
حتى,he had even,
برز,taken out ,
بجميع,0,
العيال,0,
وانفصل,and led to a certain distance,
بهم,them,
عن,out,
البلد,of the city,
فاتزاعهم,when obliged the family to stay,
منه,0,
القاضى,the cadi,
العدل,the righteous,
العاقب,El-'Aqib,
وعلم,knowing,
انه,that Aboukar,
لا,would not,
يرجع,return,
اليهم,0,
ولا,and not,
يحب,wanting,
مفارقته,to part with them for good,
الى,But,
المرة,on his pilgrimage,
الثانية,second,
بعد,as,
وفاة,had died,
العاقب,El-'Aqib,
رحل,Aboukar left and went to settle,
بهم,with his family,
جميعاً,all,
وجاور,in the vicinity,
في,of,
المدينة,the city of Medina,
المشرفة,noble,
الى,and remained there until,
ان,0,
ماتوا,their death,
كلهم,all of them,
ومن,Here is one,
كرامته,of the prodigies that Aboukar accomplished,
ان,0,
اخاه,His brother,
العلامة,the very learned,
الفقيه,jurisconsult,
احمد,Ahmed-,
بن,ben-,
الحاج,El-Hâdj-,
احمد,Ahmed,
طلب,had asked,
من,of,
اب,the father,
2,0,
البركات,blessings,
ولي,the saint,
الله,in God,
تعالى,0,
القطب,the pole,
سيدى,Sidi,
احمد,Mohammed-,
البكري,El-Bekri,
رحمهم,have mercy on them all,
الله,(God,
تعالى,0,
ورضى,and show his satisfaction!),
عنهم,them,
ان,0,
يره,to show him,
وليا,one,
من,of,
اولياء,the saints,
الله,of God,
الذى,whose,
يتوسل,support,
به,he could obtain,
اليه,from the Lord,
سبحانه,El-Bekri granted,
فانعم,this favor,
له,him,
الى,0,
ليلة,night,
واحدة,One,
بعد,after,
ما,having made,
صلى,the prayer,
العشاء,evening,
الاخرة,second,
في,in,
جامع,the mosque,
الازهر,of El-Azhar,
اراد,at the moment when he was going,
ان,0,
يخرج,to leave the mosque,
وهو,El-Bekri,
ممسك,who held,
بيد,by a hand,
الفقيه,the jurisconsult,
احمد,Ahmed,
فوضع,put,
يده,hand,
ذلك,this,
على,on,
راس,the head,
رجل,of a mian,
جالس,sitting,
فيه,there,
في,in,
الظلام,the darkness,
فقال,while saying,
هاهو,Here is,
مطلوبك,what you asked me!,
لجلس,sat down,
بين,before,
يديه,this man,
وسلم,greeted,
عليه,him,
فاذا,and recognized,
هو,0,
اخوه 3,his brother,
أبكر,Aboukar-,
بير,Bir,
فتحدث,He talked,
معه,with him,
قليلاً,for a moment,
ثم,then,
خرج,he went out,
ووجد,and found,
ذلك,0,
السيد,0,
واقفاً,El-Bekri,
في,at,
باب,the door,
الجامع,of the mosque,
ينتظره,waiting for him,
فقال,he said,
هذا,this,
الذى,is the one,
اريتى,you wanted to show me,
فقال,"Yes, he replied",
هاهنا,here,
يصلى,he does the prayer,
العشاء,evening,
الاخرة,second,
كل,every,
ليلة,night,
"،",0,
ومنهم,0,
اخوه,the brother of the previous one,
العلامة,the very learned,
المحدث,the traditionalist,
الفقيه,the jurisconsult,
احمد,Ahmed-,
بن,ben-,
الحاج,El-Hâdj-,
احمد,Ahmed-,
عمر,ben-Omar-,
بن,ben-,
محمد,Mohammed-,
اقيت,Aqît,
العالم,this scholar,
الجميل,eloquent,
4,0,
الفصيح,was a beautiful man,
الذى,,
كمل,had given him perfection,
الله,God,
له,him,
انواع,in kinds,
الجمال,of beauty,
كلها,all,
خلقاً,appearance,
ولوناً,complexion,
وصوتاً,and voice,
وخطا,He was a calligrapher,
وفصاحة,and a speaker,
البارع,wonderful,
في,of,
علم,0,
الادب 1,literature,
والفقه,law,
والحديث,and traditions,
المادح,He celebrated the praises,
رسول,of the Prophet,
الله,0,
صلى,bless him,
الله,(God,
عليه,him,
وسلم,and give salvation),
المسرد,He read,
الصحيحين,the two Sahih,
في,in,
مسجد,the mosque,
سكرى,of Sankore,
المحبب,He was loved,
الى,by,
جميع,all,
الخلق,and held,
العزيز,in high esteem,
عندهم,0,
وكفي,it will suffice,
في,to ,
عنه,this esteem,
وشرفهما,and his reputation,
خاطبه,to quote what said,
به,about him,
السيد,0,
الولي,the holy,
الصالح,virtuous,
ابو,Abu-,
عبد,Abdallah-,
الله,Mohammed-,
حمد,El-,
البكري,Bekri,
في,in,
قصيدته,a poem,
المرسلة,he sent,
اليه,0,
حين,when,
غاب,he parted,
عنه,from him,
وذلك,Here are,
قوله,thes verses,
رضى,0,
الله,0,
عنه,0,
ونفعنا,0,
به,0,
2,0,
"،",0,
احبتنا,Our dear friends,
والله,by God!,
انى,I am,
على,0,
عهدى 3,faithful,
وحب,my friendship,
لكم,for you,
حب,is all my friendship,
وودى,and my affection,
لكم,for you,
ودى,all my affection,
ولم,I have not,
انس,forgotten,
ايام,of the days,
التدانى,the sweetness,
وطيها,when we were close to each other,
"،",0,
واوقاتنا,nor the moments we spent,
ما,0,
بين,in,
عور,cheerful,
الى,or,
جذى,serious,
واتى,talks,
على,0,
ذكرى,certainly,
لكم,about you,
وتوجهى,I am talking,
"،",0,
الى,0,
الله,God,
فيما,0,
ترتجون,to grant you,
من,all that,
الرفدى,you desire,
واساله,and I am asking God,
في,at,
كل,any,
وقت,moment,
مكرم,blessed,
"،",0,
تحقيق,I ask him to realize,
ما,all that,
تبغون,you wish,
من,from,
واسع,broad,
المدى4,his favors,
لعمر,May he give you life,
ودين,faith,
تم,0,
اولادك,and your children,
وما,and whatever,
"،",0,
ترومون,you desire,
من,from,
فضل,his munificence,
يفيض,may he grant it to you,
بلا,without,
حدى 5,limit,
ومنهم,0,
اولاد,The children,
شيخ,of Sheik-,
الاسلام,el-islam,
اب,source,
البركات,of blessings,
والى,the saint,
الله,of God,
تعالى,0,
الفقيه,the jurisconsult,
القاضى,the cadi,
محمود,Mahmud-,
ابن,ben-,
عمر,Omar-,
بن,ben-,
حمد,Mohammed-,
اقيت,Aqit,
القاضى,were the cadi,
محمد,Mohammed,
والقاضى,the cadi,
العاقب,El-`Aqib,
والقاضى,the cadi,
عمر,'Omar,
والفقيه,the jurisconsult,
عبد,Abd,
الله,allah,
والولي,the holy,
الزاهد,ascetic,
الفقيه,the jurisconsult,
عبد,Abd,
الرحمن,errahman,
قال,said,
بركة,the blessing,
الاسلام,of Islam,
الفقيه,the jurisconsult,
عمر,Omar-,
اند,Anda-,
غمحمد,Ag-Mohammed,
6,0,
والشيخ,the sheik,
الفاضل,eminent,
الفقيه,the jurisconsult,
مسار,Baba-Masira-,
بير,Bir,
ما,0,
فضلنا,has graced us,
محمود,Mahmud-,
بن,ben-,
عمر,Omar,
الا,with nothing but,
بالاولاد,children,
الصالحين,virtuous,
انتهى,0,
"،",0,
اما,0,
القاضى,The cadi,
حمد,Mohammed,
فكان,was,
عالماً,this scholar,
جليلاً,illustrious,
فهاماً,of remarkable intelligence,
ذكيا,and sagacity,
وليس,no one,
له,was found,
نظير,who could equal him,
في,During,
عمره,his lifetime,
في,in,
الفهم,intelligence,
والدهاءة,finesse,
والعقل,and good sense,
وساعدته,He was favored,
الدنيا,by fortune,
وما,from,
اصبح,the day after,
في,0,
ليلة,0,
ولادته,his birth,
الا,,
والف,1000,
مثقال,mitzahs,
ذهباً,gold,
بات,0,
في,0,
ملك,he had,
من,from,
ضيافة,the gifts,
الرجال,of those,
الذين,who,
فرحوا,rejoiced,
بولادته,at his birth,
لأنه,for he,
أول,was the first,
مولود,child,
ذكر,male,
لابي,of the source,
البركات,of blessings,
الفقيه,the jurisconsult,
حمود,Mahmud,
واما,0,
القاضى,the cadi,
العاقب,El-Aqib,
فكان,0,
عالماً,scholar,
جليلاً,an illustrious,
ثاقب,a mind,
الذهن,penetrating,
قوى,an energetic,
القلب,man,
صليب,and firm,
في,in,
الحق,matters of equity,
لا,no,
يخاف,he feared,
في,when it came to,
الله,to God,
لومة,his duties,
لائم,criticism,
ذا,he had,
فراسة,remarkable insight,
اذا,for whenever,
تكلم,he announced,
فى,0,
شى,something,
لا,it did not,
يخطى,fail to happen,
كلامه,0,
كان,he seemed to,
ينظر,to read,
في,0,
الغيب,the future,
قد,he made,
ملا,reign throughout,
ارضه,his country,
بالعدل,justice,
بحيث,and in,
لا,no place,
يعرف,0,
له,was he,
نظير,equaled,
في,in,
ذلك,this respect,
من,0,
جميع,in,
الافاق,the world,
"،",0,
واما,0,
ابو,Abu-,
حفص,Hafs-,
القاضى,the cadi,
عمر,Omar,
قد,0,
برع,he distinguished himself,
في,in,
علم,the science,
الحديث,of traditions,
والسير,biographies,
والتواريخ,history,
والام,annals,
الناس,0,
واما,In,
الفقه,law,
-١٨,,
فقد,0,
بلغ,he reached,
فيه,degree,
الغاية,highest,
القصوى,of knowledge,
حتى,so much so,
قال,that said,
بعض,0,
من,of,
عاصره 1,his contemporaries,
الشيوخ,a sheik,
انه,of him,
لو,if,
كان,he had,
موجوداً,lived,
في,in ,
زمن,the time,
ابن,of Ibn,
عبد,Abd-,
السلام,es-Selâm,
بتونس,in Tunis,
لاستحق,he would have deserved,
ان,to,
يكون,occupy,
مفتياً,the functions of mufti,
فيها,in this city,
"،",0,
واما,0,
عبد,Abd,
الله,ullah,
فهو,was,
عالم,a learned,
فقيه,jurisconsult,
مدرس,and teacher,
متقلل,sober,
من,from,
الدنيا,the pleasures of this world,
مع,despite,
ما,with which,
بسط,great wealth,
الله,God,
تعالى,0,
له,him,
فيها,0,
من,0,
الرزق,had blessed,
حتى,so much so,
كاد,0,
ان,0,
لا,did not,
يعرف,know,
نهايته,the amount of his fortune,
"،",0,
واما,0,
الشيخ,The sheik,
الصالح,virtuous,
الولي,the saint,
الناصح,the good counselor,
العارف,the learned,
بالله,in God,
تعالى,0,
ابنه,the son of the previous one,
الناسك,the devout,
العابد,the pious,
الزاهد,the ascetic,
الورع,the modest,
الواعظ,the preacher,
ابو,Abu-,
زيد,Zeid-,
عبد,Abd,
الرحمن,errahman,
كان,was,
فقياً,a jurisconsult,
عالماً,learned,
معرضاً,who disdained,
عن,0,
الدنيا,the goods of this world,
بكليته,in such an absolute way,
بحيث,that,
لم,he did not,
يقبلها,want to hold them,
ولو,even,
في,for,
لحظة,a moment,
واحدة,0,
ذا,,
مكاشفات,he was gifted with the second sight,
وأصحاب,and the students,
مدرسته,of his medrasa,
يحكون,tell,
عنه,about him,
في,0,
ذلك,0,
حكايات,anecdotes,
كثيرات,many,
من,among,
ذلك,them,
ما,the following on which,
روى,has been quoted,
بالتواتر,many times,
ان,When,
محلة,the army,
الباشا,of the pasha,
جودار,Judar,
لما,,
برزت,,
من,of,
مراكش,Merrakech,
اشار,Abu Zeid announced,
بها,this event,
الاهل,0,
تبكت,0,
يومئذ,on the day it occurred,
وهو,0,
يوم,Wednesday,
الاربعاء,Wednesday,
الثانى,the second,
من,of,
المحرم,the month of Moharram,
قلغ,the first month,
عام,of the year,
التاسع,999,
والتسعين,999,
بعد,999,
تسعمائة,999,
فلما,He did so in the following manner,
صلى,when he had finished prayer,
بالناس,with everyone,
الظهر,the dohor,
وجلس,he sat down,
في,in,
مدرسته,his medrasa,
قال,and said,
الله,By God!,
الله,By God!,
الله,By God!,
لتسمعن,you will hear something,
في,0,
هذا,this,
العام,year,
ما,that ,
لم,never,
تسمعوا,you have heard,
بمثله,0,
قط,0,
ولترون,and see,
فيه,0,
ما,what,
لم,never,
تروا 2,you have seen,
بمثله,0,
قط,0,
وفي,and in,
جمادى,the month of Jomada,
الاولى,Jer,
منه,of that same year,
ورد,Moroccan troops arrived,
السودان,in the Sudan,
وفعلوا,and did,
ما,what,
فعلوا,is known,
والعياذ,preserve us,
بالله,God,
من,from,
مثلها,a new trial of this kind,
هكذا,similar predictions,
يفعل,has to his credit,
منها,Abou-Zeid,
كثيراً,many,
"،",0,
ومنهم,0,
الفقيه,the jurisconsult,
العالم,the learned,
الربانى,the divine,
الولى,the holy,
الصالح,the virtuous,
ابو,Abu-,
العباس,l-'Abbâs-,
احمد,Ahmed,
بن,son,
الفقيه,of the jurisconsult,
حمد,Mohammed,
السيد,Es-Sa'id,
سبط,"grandson, born of the daughter",
الفقيه,of the jurisconsult,
حمود,Mahmud,
المشهور,he was famous,
بالعلم,0,
في,in,
زمنه,his time,
وحضر,by his erudition,
مجلسه,his talks,
جماعة,came to attend ,
كثيرة,a crowd,
من,of,
شيوخ,learned masters,
العلم,of science,
للاخذ,to learn,
عنه,from his lessons,
منهم,among them were,
القاضى,the cadi,
عمر,Omar,
بن,the son,
الفقيه,of the jurisconsult,
محمود,Mahmud,
والفقيه,the jurisconsult,
محمد,Mohammed-,
بغيع 1,Bagh-yo'o-,
الوتكرى,El-Ouankori,
واخوه,his brother,
الفقيه,the jurisconsult,
احمد,Ahmed-,
بغيع,Bagh-yo'o,
والفقيه,the jurisconsult,
حمودكمت,Ko'ti,
والفقيه,the jurisconsult,
حمد,Mohammed-,
كب,Kibba,
بن,son,
جابر,of Djâber-,
اكب,Kibba,
وغيرهم,etc.,
وشهدوا,All of them are unanimous in testifying,
له,of Abu-'l-Abbâs,
بالعلم,to the knowledge,
والسيادة,mastery,
والورع,reserve,
والصلاح,and virtue,
رحمه,have mercy on him,
الله,(God,
تعالى,0,
وابقى,and perpetuate,
بركته,his blessings,
علينا,on us,
وعلى,and on,
المسلمين,Muslims,
"،",0,
ومنهم,0,
حفيده,the grandson of the former,
الفقيه,the jurisconsult,
العالم,learned,
ابو,Abu-,
بكر,Bekr-,
بن,ben-,
احمد,Ahmed-,
بير,ben-Bir,
بن,son,
الفقيه,of the jurisconsult,
حمود,Mahmud,
كان,was,
فاضلاً,an eminent,
خيراً,good,
تقياً,pious,
صالحاً,and virtuous man,
نشا,and from his youth,
به,that ,
وشهد,as declared,
له,his,
بذلك,0,
اعمامه,paternal uncles,
الصالحون,virtuous,
واتفقوا,everyone agreed,
على,that ,
تقديمه,he should preside,
للصلاة,over prayer,
بالناس,the public,
حين,during,
مرض,the illness,
الامام,of the imam,
القاضى,the cadi,
العاقب,El-'Aqib,
رحمه,have mercy on him,
الله,(God,
تعالى,0,
"،",0,
ومنهم,0,
الفقيه,the jurisconsult,
العالم,the scholar,
العلامة,the learned,
فريد,most,
دهره,the jewel,
ووحيد,and the only one,
عصره,of his time,
البارع,the man who was outstanding,
في,in,
كل,all,
فن,branches,
من,0,
فنون,0,
العلم,of science,
ابو,Abu-,
العباس,l-'Abbas-,
احمد,Ahmed-,
بابا,Baba,
ان,son,
الفقيه,of the jurisconsult,
احمد,Ahmed-,
بن,ben-,
الحاج,El-Hâdj-,
احمد,Ahmed-,
بن,ben-,
عمر,Omar-,
بن,ben-,
محمد,Mohammed-,
اقيت,Aqit,
لجد,He displayed,
واجتهد,the greatest zeal,
في,from,
بداية,the beginning,
امره,0,
بخدمة,of his studies,
العلم,and intelligence,
حتى,so that,
برع,he rose above,
جميع,them all,
معاصره 2,his contemporaries,
وفاق,and surpassed,
عليهم,0,
جدا,by far,
ولا,0,
يناظر,he had controversies,
فى,about,
العلم,science,
الا,only,
اشياخه,with his teachers,
وشهدوا,and they testified,
بالعلم,to his knowledge,
وفى,in,
الغرب,Maghreb,
اشتهر,was famous,
امره,his value,
وانتشر,spread far and wide,
ذكره,his fame,
وسلم,recognized superiority,
له,his,
علماء,All the doctors,
الامصار,of the great cities,
فى,in,
الفتوى,matters of fetuah,
وكان,He was,
وقاناً,rigorously,
عند,0,
الحق,just,
ولو,even,
كان,to,
من,0,
ادنى,the humblest,
الناس,of men,
ولا,never,
يداهن,he concealed,
فيه,what was right,
ولو,even,
للامراء,from emirs,
والسلاطين,or sultans,
واسم,the name,
محمد,of Mohammed,
مكتوب,was written,
في,on,
عضده,his forearm,
الايمن,right,
في,in,
الحلقة,,
بخط,lines,
ابيض,white,
وجميع,All,
من,those,
ذكرنا,we have mentioned,
بعد,since,
ذكر,the biography,
الشيخ,of the sheikh,
المبارك,blessed,
الفقيه,the jurisconsult,
اند,Anda-,
غمحمد,Ag-Mohammed,
الكبير,the great,
الى,until,
هنا,this moment,
فهم,were,
من,of,
نسله,his race,
المباركين,blessed,
وذريته,and his family,
الصالحين,virtuous,
رحمهم,have mercy on them all,
الله,(May God,
تعالى,0,
ورضى,show his satisfaction,
عنهم,them all,
ونفعنا,and make us enjoy,
ببركاتهم,their blessings,
في,in,
الدارين,this world and the next),
"،",0,
واما,As for,
جد,the grandfather,
الفقيه,of the jurisconsult,
محمود,Mahmud,
حمد,Mohammed-,
اقيت,Aqit,
فهو,he was originally,
من,from,
اهل,0,
ماسنة,Masina,
وسمعت,I heard,
العلامة,0,
الفقيه,the jurisconsult,
احمد,Ahmed-,
بابا,Baba,
رحمه,have mercy on him!),
الله,(God,
انه,0,
قال,say that,
ما,Mohammed-Aqit,
رحله,left,
منها,the Masina,
الى,to go to,
بير,Biro,
الا,only,
بفض,because of the hatred,
الفلانيين,of the Foulani,
وهم,who,
متجاورون,lived in the vicinity,
في,of,
سكناها,his dwelling,
وقال,0,
عنه,0,
انه,the he,
على,0,
يقين,was certain,
من,,
عدم,there had never been ,
مناكته,a marriage,
معهم,between his family and the Foulani,
ولكن,but that,
يخاف,he feared,
ذلك,0,
على,that,
اولاده,his children,
لئلا,would not,
يتناسلوا,do the same and that their lineage would thus be mixed ,
معهم,with Foulani blood,
انتهى,0,
كلامه,0,
"،",0,
ثم,0,
بعد,later,
ذلك,0,
خطر,he felt,
له,0,
حب,the desire,
سكنى,to live,
تنبكت,in Timbuktu,
وآكل,Sultan Akil,
هو,0,
سلطانه,was ruling,
يومئذ,at the time when,
فارتحل,He left,
من,,
بير,Biro ,
وزل,came to set up,
-19,,
بحلته,his tent,
بينه,between Biro,
وبين,and,
راس,Ras-,
الماء,el-ma,
ثم,and,
تحدث,as he was talking,
مع,with,
جد,grandfather,
مسر,Masira-,
اند,Anda-,
عمر,Omar's,
واخبره,the latter,
به,0,
فقال,said,
له,to him,
ما,who,
يمنعك,is preventing you,
منه,from going to this city?,
قال,He replied,
أكل,Akil,
فاتت,because there is,
بينى,between,
وبينه,and me,
عداوة,enmity,
كبيرة,a strong,
فقال,said his interlocuter,
له,0,
انا,I,
ان,well,
شاء,willing,
الله,God,
تعالى,0,
آكون,will be,
سبباً,the cause,
حتى,that,
تزول,puts an end to,
تلك,this,
العداوة,enmity,
وتسكن,and you will live,
في,in,
تتبكت,Tombouctou,
كا,as,
تريد,is your desire,
لجاء,Thereup he went to find,
الى,0,
أكل,Akil,
في,at,
حلته,his camp,
ونزل,introduced himself,
عنده,to him,
وبقي,and began,
تحدث,to talk about various things,
معه,0,
الى,to him,
ان,0,
اخبره,then he announced,
ان,that,
حمد,Mohammed-,
اقيت,Aqit,
ما,had no greater,
يريد,desire,
اليوم,at the moment,
الا,than,
ان,to,
يسكن,live,
في,in,
تنبكت,Timbuktu,
قال,cried Akil,
لا,not,
يصيب,possible,
ذالك,That's,
قال,replied Masira's grandfather,
له,0,
ولم,0,
فدخل,"then, entering",
في,0,
خيمة,his tent,
واخرج,Akil soon came out ,
درقة,with a shield,
مشقوقة,all lacerated,
بالطعن,with spear,
بالرع,0,
والضرب,blows,
بالسيف,and saber,
فقال,he added,
له,0,
انظر,See,
الى,0,
ما,what,
عمل,has done,
لى,to me,
محمد,Mohammed-,
اقيت,Aqit,
وكيف,How can,
يسكن,a man live,
المر,0,
في,in,
بلده,the same city,
مع,as,
عدوه,an enemy,
الذى,who,
عمل,has treated,
له,him,
هذا,like this?,
العمل,0,
وقال,0,
له,0,
هيهات,let it go then,
الذى,all that,
عرفته,you say,
فيه,there,
قد,0,
فات,is past,
صار,0,
اليوم,Today,
مسكناً,is poor,
ذا,this man,
عيال,he has a large family,
لا,0,
يريد,and he wants,
الا,only,
العافية,to live in peace,
وما,then,
زال,0,
يلاطفه,added,
بالقول,words,
اللين,gentle,
الحسن,and persuasive,
حتى,so many that,
زالت,subsided,
منه,Akil's,
تلك,0,
العداوة,hatred,
واذن,and he allowed,
له,Mohammed-Aqit,
بالجى,0,
الى,to,
تنبكت,Timbuktu,
فرجع,Masira's grandfather went ,
اليه,to find his friend,
واخبره,told him ,
به,what had happened,
فارتحل,and Mohammed set out,
مع,and,
عياله,his family,
اليه,0,
وسكن,to stay,
"فيه،",in Timbuktu,
ومن,Among,
الشيوخ,the sheikhs,
المباركين,blessed,
اهل,0,
سنكرى,of Sankore,
الفقيه,was the jurisconsult,
احمد,Ahmed,
بن,son,
الفقيه,of the jurisconsult,
ابراهيم,Ibrahim-,
ابن,ben-,
أبي,Abou-,
بكر,Bakr,
بن,son,
القاضى,of the cadi,
الحاج,El-Hâdj,
والد,father ,
مام,of Mama-,
سر,Siri,
روى,it is reported,
عن,that,
شيخنا,our sheik,
الزاهد,the ascetic,
الفقيه,the jurisconsult,
الامين,El-Amîn-,
بن,ben-,
احمد,Ahmed,
اخى,the brother,
1,0,
الفقيه,of the jurisconsult,
عبد,Abd,
الرحمن,errahman,
الله,0,
قال,would  have said,
لا,0,
يحول,would suspend,
بين,0,
الشيخ,The sheik,
احمد,Ahmed,
هذا,0,
وبين,0,
درس,his lessons,
المصحف,on the Koran,
الا,only,
اقراء,to teach,
العلم,theology,
وهو,He,
يلازم,used ,
هذا,for this,
العمل,occupation,
الصالح,holy,
في,0,
جميع,all,
اوقاته,his time,
رحمه,have mercy on him,
الله,(God,
تعالى,0,
ورضى,show his satisfaction,
عنه,him,
واعاد,and make be reflected,
علينا,on us!),
من,0,
بركاته,his blessings,
"،",0,
ومنهم,0,
الفقيه,the jurisconsult,
صالح,the virtuous,
ابن,the son,
محمد,of Mohammed-,
اند,Anda-,
عمر,Omar's,
المعروف,known as,
بصالح,Sâlih-,
تكن,Takounni,
الشيخ,this sheikh,
المعمرى,visited,
المستحرم,and honored,
عنه,by,
السلاطين,the sultans,
يشفع,interceded with them,
للمساكين,in favor of the unfortunate,
عندهم,0,
ولا,and was not,
يردون,rejected,
شفاعته,his intercession,
على,in,
كل,no,
حال,circumstances,
الف,He composed,
شرحاً,a comentary,
على,on,
مختصر,the Mokhtasar,
الشيخ,of Sheikh,
خليل,Khelil,
رحمه,have mercy on him!),
الله,(God,
تعالى,0,
"،",0,
ومنهم,0,
السيد,The seyyid,
ابو,Abu-,
العباس,l-'Abbâs-,
احمد,Ahmed-,
بن,ben-,
محمد,Mohammed-,
بن,ben-,
عثمان,Otsmân-,
بن,ben-,
عبد,Abd,
الله,allah-,
بن,ben-,
ابي,Abou-,
يعقوب,Y'aqoub,
العالم,he was a learned,
الفقيه,jurisconsult,
اللغوي,a lexicographer,
النحوي,a grammariran,
المتفان,a scholar,
في,in,
علوم,0,
لادب,literature,
والاشعار,exegesis and poetry,
وشهد,testified,
له,to his,
بالعلم,knowledge,
جماعة,Many,
الشيوخ,Sheikhs,
رحمه,have mercy on him!),
الله,(God,
امين,Amen!,
