	ID	chapter	scholar	descriptors	lemmas
0	0	6	Murimagha-Kankoi	['فقيهاً', 'عالماً', 'صالحاً', 'عابداً', 'جليل', 'القدر']	['فقيه', 'عالم', 'صالح', 'عابد', 'جليل', 'قدر']
1	1	6	Mohammed-Foudiki-Sanou-El-Ouankori	['فودى', 'الفقيه', 'فقيهاً', 'عالماً', 'عابداً', 'صالحاً', 'وليًّا', 'الشيخ', 'لاوليائه', 'الصالحين']	['ودى', 'فقيه', 'فقيه', 'عالم', 'عابد', 'صالح', 'ولي', 'شيخ', 'لاوليائه', 'صالح']
2	2	6	Mohammed-ben-Omar-ben-Mohammed-Aqit	['ولّى الله', 'الفقيه', 'سيّدى', 'قضاء', 'قاض', 'الخطيب']	['ولى', 'فقيه', 'سيدى', 'قضاء', 'قاضي', 'خطيب']
3	3	6	El- ' Abbas-Kibi	['القاضى', 'فقيهاً', 'عالماً', 'جليلاً', 'فاضلاً', 'خيراً', 'سخياً']	['قاضى', 'فقيه', 'عالم', 'جليل', 'فاضل', 'خير', 'سخي']
4	4	6	Mahmoud-ben-Abou-Bekr-Baghyo ' o	['القاضى', 'فقيهاً', 'عالماً', 'جليلاً', 'القضاء']	['قاضى', 'فقيه', 'عالم', 'جليل', 'قضاء']
5	5	6	Mohammed-Baghyo ' o	['العالمين', 'الفاضلين', 'الفقيه']	['عالم', 'فاضل', 'فقيه']
6	6	6	Ahmed-Baghyo ' o	['العالمين', 'الفاضلين', 'الفقيه']	['عالم', 'فاضل', 'فقيه']
7	7	6	Ahmed-Torfo	['القاضى', 'خطيباً', 'امام', 'قاضياً']	['قاضى', 'خطيب', 'امام', 'قاضي']
8	8	6	Omar-Torfo '	['القاضى']	['قاضى']
9	9	6	Mama	['الخطيب', 'الخطيبية']	['خطيب', 'خطيب']
10	10	6	Yahya	['والامام', 'امامة']	['والامام', 'امامة']
11	11	6	Mouaddib-Bokar-Terouari	['والقاضى', 'القضاء', 'القاضى', 'القاضى']	['قاضى', 'قضاء', 'قاضى', 'قاضى']
12	12	6	Mohammed-Benba-Kenâti	['القاضى', 'فقيهاً', 'عالماً', 'جليلاً', 'القضاء', 'القضاة']	['قاضى', 'فقيه', 'عالم', 'جليل', 'قضاء', 'قضاة']
13	13	9	Mohammed El-Kabari	['الشيخ', 'العالم', 'الفاضل', 'الصالح', 'الولي', 'ذى', 'الكرامات', 'والعجائب', 'الفقيه', 'القاضى']	['شيخ', 'عالم', 'فاضل', 'صالح', 'ولي', 'ذى', 'كرامة', 'عجائب', 'فقيه', 'قاضى']
14	14	9	El-Hâdj	['الفقيه', 'القاضى', 'السيد', 'المبارك']	['فقيه', 'قاضى', 'سيد', 'مبارك']
15	15	9	Abderrahman-ben-Abou-Bekr-ben-El-Hâdj	['القاضى']	['قاضى']
16	16	9	Ibrahim (1)	['السيد', 'الفقيه']	['سيد', 'فقيه']
17	17	9	El-Amin-ben-Ahm	['شيخ', 'الفاضل', 'الزاهد', 'الفقيه']	['شيخ', 'فاضل', 'زاهد', 'فقيه']
18	18	9	Omar (1)	['والى الله تعالى', 'الفقيه', 'القاضى', 'الصالحين', 'عباد الله', 'الفقيه', 'القاضى']	['والى', 'فقيه', 'قاضى', 'صالح', 'عباد', 'فقيه', 'قاضى']
19	19	9	Ibrahim (2)	['والى الله تعالى', 'الفقيه', 'الصالحين', 'عباد الله']	['والى', 'فقيه', 'صالح', 'عباد']
20	20	9	Mahmoud (1)	['القاضى', 'الفقيه', 'الفقيه', 'شيخ الإسلام', 'ابو', 'البركات', 'الفقيه', 'القاضى']	['قاضى', 'فقيه', 'فقيه', 'شيخ', 'بوى', 'بركة', 'فقيه', 'قاضى']
21	21	9	Abu-Abdullah-Anda-Ag-Mohammed-ben-Nouh	['الفقيه', 'معدن', 'العلم', 'والفضل', 'والصلاح', 'عالم', 'جليل', 'قاضى', 'القضاء']	['فقيه', 'معدن', 'علم', 'فضل', 'صلاح', 'عالم', 'جليل', 'قاضى', 'قضاء']
22	22	9	Ahmed-Baba	['العلامة', 'الفقيه', 'الفقيه']	['علام', 'فقيه', 'فقيه']
23	23	9	Omar (2)	['فقياً', 'عالماً', 'صالحاً']	['قيا', 'عالم', 'صالح']
24	24	9	Mouaddib-Mohammed-El-Kabari	['الفقيه', 'الصالح', 'القاضى']	['فقيه', 'صالح', 'قاضى']
25	25	9	El-Mokhtâr (ben-Anda-Ag-Mohammed?)	['الفقيه', 'النحوي', 'العالم', 'النحوي', 'الفقيه']	['فقيه', 'نحو', 'عالم', 'نحو', 'فقيه']
26	26	9	Yahya-Et-Tâdelsi	['الفقيه', 'العالم', 'القطب', 'ولي الله تعالى ', 'سيد']	['فقيه', 'عالم', 'قطب', 'لي', 'سيد']
27	27	9	Abderrahman	['عالم', 'النقى', 'الحليم']	['عالم', 'نقى', 'حليم']
28	28	9	Abu-Abbâs-Ahmed-Boryo-ben-Ahmed-ben-Anda-Ag-Mohammed	['العالم', 'النقي', 'المقال', 'المتواضع']	['عالم', 'نقي', 'مقال', 'متواضع']
29	29	9	Abu-Abdullah-Anda-Ag-Mohammed	['امام', 'عالم', 'تقي', 'ورع', 'متواضع', 'واثق', 'شهير', 'علم', 'مادح', 'الامام', 'مسرد']	['امام', 'عالم', 'تقي', 'ورع', 'متواضع', 'واثق', 'شهير', 'علم', 'مادح', 'الامام', 'مسرد']
30	30	9	Abu-Abdullah-Mohammed	['المادح', 'مسرد']	['مادح', 'مسرد']
31	31	9	El-Mokhtâr-ben-Mohammed	['الفقيه', 'المادح', 'شيخ', 'المدّاحين']	['فقيه', 'مادح', 'شيخ', 'مداح']
32	32	9	El-Mokhtar-ben-Anda-Ag-Mohammed	['النحوى', 'الفقيه']	['النحوى', 'فقيه']
33	33	9	Mohammed-San	['الفقيه', 'والوقار', 'فاضلاً', 'نقياً', 'زاهداً', 'ورعاً']	['فقيه', 'وقار', 'فاضل', 'نقي', 'زاهد', 'ورع']
34	34	9	Anda-Ag-Mohammed (the Great/Elder)	['الفقيه', 'الفقيه', 'الامام', 'المبارك', 'الفقه', 'الفقيه', 'الشيخ', 'المبارك', 'الفقيه']	['فقيه', 'فقيه', 'الامام', 'مبارك', 'فقه', 'فقيه', 'شيخ', 'مبارك', 'فقيه']
35	35	9	Anda-Ag-Mohammed (1)	['الفقيه', 'الامام', 'الفقيه', 'الامام']	['فقيه', 'الامام', 'فقيه', 'الامام']
36	36	9	Mohammed-Qarayenki 	['الفقيه', 'القاضى']	['فقيه', 'قاضى']
37	37	9	Sidi Ahmed	['سيد', 'الفقيه', 'القاضى']	['سيد', 'فقيه', 'قاضى']
38	38	9	Anda-Ag-Mohammed (2)	['الفقيه']	['فقيه']
39	39	9	Anda-Ag-Mohammed-ben-Ahmed-ben-Boryo-ben-Ahmed	['الفقيه']	['فقيه']
40	40	9	Mohammed-ben-Mohammed-Korai	['شيخ', 'الشيوخ', 'امام', 'الفقيه']	['شيخ', 'شيوخ', 'امام', 'فقيه']
41	41	9	Mohammed-ben-Yomzoghorbir	['حامل']	['حامل']
42	42	9	Aboul-'Abbâs-Ahmed-ben-Anda-Ag-Mohammed-ben-Mohammed	['الفقيه', 'الزكي', 'الفطن', 'العالم', 'العلم', 'الفقه', 'والنحو', 'والاشعار', 'الفقيه']	['فقيه', 'زك', 'فطن', 'عالم', 'علم', 'فقه', 'نحو', 'والاشعار', 'فقيه']
43	43	9	Abu-Mohammed-Abdallah	['نحوياً', 'لغوياً', 'متواضعاً', 'والتوثيق']	['نحو', 'غوي', 'متواضع', 'توثيق']
44	44	9	Ahmed-Boryo-ben-Ahmed	['الفقيه']	['فقيه']
45	45	9	Abdallah (1)	['شيخ الإسلام', 'الايمة', 'الفقيه', 'ولي', 'الحاج', 'الحاج', 'عباد الله', 'الصالحين', 'والعلماء']	['شيخ', 'الايمة', 'فقيه', 'لي', 'حاج', 'حاج', 'عباد', 'صالح', 'علماء']
46	46	9	El-Hâdj-Ahmed	['شيخ الإسلام', 'الايمة', 'الفقيه', 'ولي']	['شيخ', 'الايمة', 'فقيه', 'لي']
47	47	9	Mahmoud (2)	['شيخ الإسلام', 'الايمة', 'الفقيه', 'ولي', 'صاحب', 'كرامات', 'وبركات']	['شيخ', 'الايمة', 'فقيه', 'لي', 'صاحب', 'كرامة', 'بركة']
48	48	9	Omar-ben-Mohammed-Aqit	['الفقيه']	['فقيه']
49	49	9	Sidi Mohammed-El-Bekri	['العارف بالله', 'القطب', 'سيدى', 'القطب', 'سيدى', 'والى الله تعالى', 'السيد']	['عارف', 'قطب', 'سيدى', 'قطب', 'سيدى', 'والى', 'سيد']
50	50	9	Anda-Ag-Mohammed-ben-Mellouk-ben-Ahmed-ben-El-Hâdj-Ed-Doleïmi (El-Mosalli)	['الفقيه']	['فقيه']
51	51	9	Mahmoud (1)	['الفقيه']	['فقيه']
52	52	9	Abu Hafs-'Omar	['العلامة', 'الفقيه', 'القاضى', 'القضاء']	['علام', 'فقيه', 'قاضى', 'قضاء']
53	53	9	Abu-Hafs-'Omar-ben-El-Hâdj-Ahmed-ben-Omar-ben-Mohammed-Aqît	['النحوي', 'المادح', 'المسرد', 'شهيداً']	['نحو', 'مادح', 'مسرد', 'شهيد']
54	54	9	Aboukar-Bir-ben-El-Hâdj-Ahmed-ben-Omar-ben-Mohammed-Aqît (Abou-Bekr)	['العالم', 'الزاهد', 'المتصدق']	['عالم', 'زاهد', 'متصدق']
55	55	9	El-'Aqib	['القاضى', 'العدل']	['قاضى', 'عدل']
56	56	9	Ahmed-ben-El-Hàdj-Ahmed	['العلامة', 'الفقيه', 'الفقيه']	['علام', 'فقيه', 'فقيه']
57	57	9	Ahmed-ben-El-Hâdj-Ahmed-ben-Omar-ben-Mohammed-Aqît	['العلامة', 'المحدث', 'الفقيه', 'العالم', 'الجيل', 'الفصيح', 'وخطا', 'وفصاحة', 'الادب', 'والفقه', 'والحديث', 'المادح', 'المسرد', 'المحبب', 'الفقيه']	['علام', 'محدث', 'فقيه', 'عالم', 'جيل', 'فصيح', 'خط', 'فصاحة', 'الادب', 'فقه', 'حديث', 'مادح', 'مسرد', 'محبب', 'فقيه']
58	58	9	Abu-Abdallah-Mohammed-El-Bekri	['السيد', 'الولي', 'الصالح']	['سيد', 'ولي', 'صالح']
59	59	9	Mahmud-ben-Omar-ben-Mohammed-Aqit	['شيخ الإسلام', 'اب البركات', 'والى الله', 'الفقيه', 'القاضى']	['شيخ', 'اب', 'والى', 'فقيه', 'قاضى']
60	60	9	Mohammed	['القاضى', 'الصالحين']	['قاضى', 'صالح']
61	61	9	El-`Aqib	['القاضى', 'الصالحين', 'الامام', 'القاضى']	['قاضى', 'صالح', 'الامام', 'قاضى']
62	62	9	Omar (3)	['القاضى', 'الصالحين']	['قاضى', 'صالح']
63	63	9	Abdallah (2)	['والفقيه', 'الصالحين']	['فقيه', 'صالح']
64	64	9	Abderrahman	['والولي', 'الزاهد', 'الفقيه', 'الصالحين']	['ولي', 'زاهد', 'فقيه', 'صالح']
65	65	9	Omar-Anda-Ag-Mohammed	['الاسلام بركة', 'الفقيه']	['الاسلام', 'فقيه']
66	66	9	Baba-Masira-Bir	['والشيخ', 'الفاضل', 'الفقيه']	['شيخ', 'فاضل', 'فقيه']
67	67	9	Mohammed	['القاضى', 'عالماً', 'جليلاً', 'فهاماً', 'ذكيا', 'الفهم', 'والدهاءة', 'والعقل']	['قاضى', 'عالم', 'جليل', 'فهام', 'ذكي', 'فهم', 'دهاء', 'عقل']
68	68	9	Mahmud	['اب البركات', 'الفقيه', 'الفقيه']	['اب', 'فقيه', 'فقيه']
69	69	9	El-Aqib	['القاضى', 'عالماً', 'جليلاً', 'ثاقب', 'الذهن', 'قوى', 'القلب صليب']	['قاضى', 'عالم', 'جليل', 'ثاقب', 'ذهن', 'قوى', 'قلب']
70	70	9	Abu-Hafs-'Omar	['القاضى', 'علم', 'الحديث', 'والسير', 'والتواريخ', 'والام', 'الفقه']	['قاضى', 'علم', 'حديث', 'سير', 'تواريخ', 'والام', 'فقه']
71	71	9	Abdullah	['عالم', 'فقيه', 'مدرس', 'متقلل']	['عالم', 'فقيه', 'مدرس', 'متقلل']
72	72	9	Abu-Zeid-Abderrahman	['الشيخ', 'الصالح', 'الولي', 'الناصح', 'العارف', 'الناسك', 'العابد', 'الزاهد', 'الورع', 'الواعظ', 'فقياً', 'عالماً', 'معرضاً']	['شيخ', 'صالح', 'ولي', 'ناصح', 'عارف', 'ناسك', 'عابد', 'زاهد', 'ورع', 'واعظ', 'قيا', 'عالم', 'معرض']
73	73	9	Abu-'l-'Abbâs-Ahmed	['الفقيه', 'العالم', 'الربانى', 'الولى', 'الصالح', 'بالعلم', 'والسيادة', 'والورع', 'والصلاح']	['فقيه', 'عالم', 'الربانى', 'ولى', 'صالح', 'علم', 'سيادة', 'ورع', 'صلاح']
74	74	9	Mohammed-Es-Sa'id	['الفقيه', 'وحضر']	['فقيه', 'حضر']
75	75	9	Omar (4)	['الفقيه']	['فقيه']
76	76	9	Mahmud (2)	['الفقيه', 'الفقيه', 'الفقيه']	['فقيه', 'فقيه', 'فقيه']
77	77	9	Mohammed-Baghyo'o-El-Ouankori	['الفقيه']	['فقيه']
78	78	9	Ahmed-Baghyo'o	['الفقيه']	['فقيه']
79	79	9	Ko'ti	['الفقيه']	['فقيه']
80	80	9	Mohammed-Kibba	['الفقيه']	['فقيه']
81	81	9	Abu-Bekr-ben-Ahmed-ben-Bir	['الفقيه', 'العالم', 'فاضلاً', 'خيراً', 'تقياً', 'صالحاً']	['فقيه', 'عالم', 'فاضل', 'خير', 'تقي', 'صالح']
82	82	9	Abu-'l-'Abbas-Ahmed-Baba	['الفقيه', 'العالم', 'العلامة', 'فريد', 'دهره', 'البارع', 'العلم', 'واجتهد', 'العلم', 'برع', 'بالعلم', 'الفتوى', 'وقاناً', 'الحق', 'الفقيه']	['فقيه', 'عالم', 'علام', 'فريد', 'دهر', 'بارع', 'علم', 'اجتهد', 'علم', 'برع', 'علم', 'فتوى', 'قانا', 'حق', 'فقيه']
83	83	9	Ahmed	['الفقيه', 'الشيوخ', 'المباركين', 'الشيخ', 'المصحف', 'العلم', 'الصالح']	['فقيه', 'شيوخ', 'مبارك', 'شيخ', 'مصحف', 'علم', 'صالح']
84	84	9	Ibrahim-ben-Abou-Bekr	['الفقيه']	['فقيه']
85	85	9	El-Hâdj	['القاضى']	['قاضى']
86	86	9	Sâlih-Takounni	['الفقيه', 'صالح']	['فقيه', 'صالح']
87	87	9	El-Amîn-ben-Ahmed	['شيخنا', 'الزاهد', 'الفقيه']	['شيخ', 'زاهد', 'فقيه']
88	88	9	Abderrahman	['الفقيه']	['فقيه']
89	89	9	Abu 'l-'Abbâs-Ahmed-ben-Mohammed-ben-'Otsmân-ben-Abdallah-ben-Abou-Y'aqoub	['السيد', 'العالم', 'الفقيه', 'اللغوي', 'النحوي', 'المتفان', 'علوم', 'لادب', 'والاشعار', 'بالعلم']	['سيد', 'عالم', 'فقيه', 'لغو', 'نحو', 'المتفان', 'علوم', 'لادب', 'والاشعار', 'علم']
90	90	10	Ahmed-ben-'Omar-ben-Mohammed-Aqît-ben-'Omar-ben-'Ali-ben-Yahya-ben-Godâla (El-Hâdj-Ahmed)	['الصنهاجيّ', 'التنبكتيّ ', 'علماً', 'شهروا', 'وديناً', 'الخير', 'والفضل', 'والدين', 'والمروة', 'والصيانه', 'والتحرّى', 'محبًّا', 'فقيهاً', 'لغويًّا', 'نحويًّا', 'عروضيًّا', 'محصّالاً', 'بالعلم', 'العلم', 'واجتهد', 'العلم', 'درساً']	['الصنهاجي', 'التنبكتي', 'علم', 'شهر', 'دين', 'خير', 'فضل', 'دين', 'مرو', 'والصيانه', 'تحرى', 'محب', 'فقيه', 'غوي', 'نحو', 'عروض', 'محصالا', 'علم', 'علم', 'اجتهد', 'علم', 'درس']
91	91	10	Ahmed-Baba 	['الفقيه', 'للعلّامة ', 'العلّامة', 'الفقيه', 'الفقيه']	['فقيه', 'علام', 'علام', 'فقيه', 'فقيه']
92	92	10	Anda-Ag-Mohammed	['الفقيه']	['فقيه']
93	93	10	El-Mokhtâr	['الفقيه', 'النحوىّ']	['فقيه', 'النحوى']
94	94	10	Khâled-El-Ouaqqâd-El-Azhari	['والشيخ', 'امام', 'النحو']	['شيخ', 'امام', 'نحو']
95	95	10	Mahmud	['الفقيه', 'اجلّهم']	['فقيه', 'اجلهم']
96	96	10	Abdallah-ben-'Omar-ben-Mohammed-Aqît ben-'Omar-ben-'Ali-ben-Yahya	['الصنهاجيّ', 'المسوفيّ', 'فقيهاً', 'حافظاً', 'زاهداً', 'ورعاً', 'وليًّا', 'صالحاً', 'غاية', 'الورع', 'والتوقّى', 'قويّ الحفظ']	['الصنهاجي', 'مسوف', 'فقيه', 'حافظ', 'زاهد', 'ورع', 'ولي', 'صالح', 'غاي', 'ورع', 'توقى', 'قوة']
97	97	10	Mahmoud -ben-'Omar-ben-Mohammed-Aqît-ben-'Omar-ben-'Ali-ben-Yahya-ben-Godâla	['الصنهاجيّ', 'التنبكتيّ', 'قاضيها', 'ابو', 'الثناء', 'وابو', 'المحاسن', 'عالم', 'وصالحها', 'ومدرّسها', 'وفقيهها', 'وامامها', 'خيار', 'الصالحين', 'العارفين', 'تثبّت', 'عظيم', 'وهدى', 'تامّ', 'وسكون', 'ووقار', 'وجلالة', 'علمه', 'وصلاحه', 'صيته', 'بركته', 'ديانة', 'واصلاح', 'وزهد', 'ونزاهة', 'هابته', 'سخيًّا', 'جواداً', 'القضاء', 'وشدّد', 'فاشتهر', 'عدله', 'وطلاوة', 'سهل', 'الجلالة', 'وتعظّم', 'وشهرة', 'بالصلاح']	['الصنهاجي', 'التنبكتي', 'قاضي', 'بوى', 'ثناء', 'بوى', 'محاسن', 'عالم', 'صالح', 'مدرس', 'فقيه', 'وامامها', 'خيار', 'صالح', 'عارف', 'تثبت', 'عظيم', 'هدى', 'تام', 'سكون', 'وقار', 'جلال', 'علم', 'صلاح', 'صيت', 'بركة', 'ديان', 'واصلاح', 'زهد', 'نزاهة', 'هاب', 'سخي', 'جواد', 'قضاء', 'شدد', 'اشتهر', 'عدل', 'طلاوة', 'سهل', 'جلال', 'تعظم', 'شهرة', 'صلاح']
98	98	10	Ibrahim-El-Moqadessi	['السادة']	['سادة']
99	99	10	Zakariya	['السادة', 'والشيخ']	['سادة', 'شيخ']
100	100	10	El-Qalqachandi 	['السادة']	['سادة']
101	101	10	Ibn-Hadjar	['الصحاب']	['صحاب']
102	102	10	Mohammed	['القضاة']	['قضاة']
103	103	10	El-'Aqib 	['القضاة']	['قضاة']
104	104	10	Omar 	['القضاة']	['قضاة']
105	105	10	Makhlouf-ben-'Ali-ben-Sâlih-El-Belbâli	['فقيه', 'حافظ رحلة', 'على العلم', 'فرغب', 'الحافظة', 'العجب']	['فقيه', 'حافظ', 'على', 'رغب', 'حافظ', 'عجب']
106	106	10	Abdallah-ben-'Omar-ben Mohammed-Aqît	['سيدي', 'الصالح']	['سيد', 'صالح']
107	107	10	El-Aqib-El-Ansamanni	['الفقيه']	['فقيه']
108	108	10	Mohammed-ben-Ahmed-ben-'Abou-Mohammed-Et-Tazakhti (Aïda-Ahmed)	['فقيهاً', 'عالماً', 'فهّاماً', 'محدّثاً', 'متفنّناً4', 'محصّلاً جيّد الخطّ', 'حسن الفهم', 'المنازعة', 'وحصّل', ' المحدثّين', 'قضاءها']	['فقيه', 'عالم', 'فهام', 'محدث', 'متفننا4', 'محصل', 'حسن', 'منازع', 'حصل', 'المحدثين', 'قضاء']
109	109	10	El-Hâdj-Ahmed-ben-'Omar	['الفقيه']	['فقيه']
110	110	10	'Ali	['الفقيه']	['فقيه']
111	111	10	El-Moghili 	['الامام']	['الامام']
112	112	10	Mahmud (2)	['سيّدنا', 'الفقيه']	['سيد', 'فقيه']
113	113	10	Zakariya (2)	['اجلّاء', 'كشيخ الاسلام']	['اجلاء', 'شيخ']
114	114	10	El-Qalqachandi	['والبرهانين']	['برهان']
115	115	10	Abdelhaq-Es-Soubâți 	['والبرهانين']	['برهان']
116	116	10	En-Nuairi	['ابو البركات']	['بوى']
117	117	10	Mohammed-ben-Mahmoud-ben-'Omar-ben-Mohammed-Aqît-ben-'Omar-ben-'Ali-ben-Yahya	['الصنهاجيّ', 'قاضى', 'فقيهاً', 'فهّاماً', 'درّاكاً', 'ثاقب', 'الذهن', 'عقلاء', 'الناس', 'ودهانهم', 'القضاء', 'ورياسة', 'دنيا', 'المنطق', 'البيان', 'والمنطق']	['الصنهاجي', 'قاضى', 'فقيه', 'فهام', 'دراك', 'ثاقب', 'ذهن', 'عقلاء', 'ناس', 'دهان', 'قضاء', 'ورياسة', 'دنيا', 'منطق', 'بيان', 'منطق']
118	118	10	El-Agîb-ben-Mahmoud-ben-'Omar-ben-Mohammed-Aqît-ben-'Omar-ben-'Ali-ben-Yahya	['الصنهاجيّ', 'قاضى', 'مسدّداً', 'ثبتاً', 'صليباً', 'قوىّ القلب', 'مقداماً', 'فراسته', 'نافذة', 'مجدوداً', 'التحرّى', 'والتوقّى', 'مهيباً']	['الصنهاجي', 'قاضى', 'مسدد', 'ثبت', 'صليب', 'قوى', 'مقدام', 'فراس', 'نافذ', 'مجدود', 'تحرى', 'توقى', 'مهيب']
119	119	10	El-Baikouri' 	['والشيخ']	['شيخ']
120	120	10	El-'Aqît-ben-Abdallah-El-Ansammani	['المسوفيّ', 'فقيه', 'نبيه', 'ذكيّ الفهم', 'وقّاد الذهن', 'بالعلم', 'ذراية', 'والصواب معه']	['مسوف', 'فقيه', 'نبي', 'ذكي', 'وقاد', 'علم', 'ذرا', 'صواب']
121	121	10	El-Belbâli 	['الحافظ']	['حافظ']
122	122	10	'Abu-Bekr-ben-Ahmed-Bîr-ben-'Omar-ben-Mohammed-Aqît	['تمبكتيّ', 'خيراً', 'صيّتاً', 'ورعاً', 'زاهداً', 'تقيًّا', 'اوّاهاً', 'وليًّا', 'مباركاً', 'الصلاح', 'ظاهر', 'الزهد', 'والورع', 'والبرّ', 'متين', 'الدين', 'الصدقة', 'والعطاء', 'مبرزاً', 'الخير', 'جليلة', 'الخوف', 'والمراقبة', 'صالحى', 'وزهد', 'عظيم', 'الجاه', 'التصوّف']	['تمبكتي', 'خير', 'صيت', 'ورع', 'زاهد', 'تقي', 'اواها', 'ولي', 'مبارك', 'صلاح', 'ظاهر', 'زهد', 'ورع', 'بر', 'متين', 'دين', 'صدق', 'عطاء', 'مبرز', 'خير', 'جليل', 'خوف', 'مراقب', 'صالحى', 'زهد', 'عظيم', 'جاه', 'تصوف']
123	123	10	Ahmed-ben-Ahmed-ben-'Omar-ben-Mohammed-Aqît-ben-'Omar-ben-'Ali-ben-Yahya	['الفقيه', 'العالم', 'درّاكاً', 'متفنّناً', 'محدّثاً', 'اصوليًّا', 'بيانيًّا', 'منطقيًّا', 'رقيق', 'عظيم', 'الجاه', 'الحرمة', 'يغلظ', 'الانقياد', 'وينقادون', 'مشهور', 'القدر', 'والجلالة', 'محبًّا', 'متواضعاً', 'منصفاً', 'جمّاعاً', 'المنطق', 'شرحاً']	['فقيه', 'عالم', 'دراك', 'متفنن', 'محدث', 'اصوليا', 'بيان', 'منطق', 'رقيق', 'عظيم', 'جاه', 'حرم', 'غلظ', 'انقياد', 'انقاد', 'مشهور', 'قدر', 'جلال', 'محب', 'متواضع', 'منصف', 'جماع', 'منطق', 'شرح']
124	124	10	Mahmud-ben-'Omar	['بركة العصر']	['بركة']
125	125	10	Youcef	['والشريف', 'تلميذ']	['شريف', 'تلميذ']
126	126	10	Zakariya  (3)	['الشيخ']	['شيخ']
127	127	10	Mohammed-Baghyo'o	['العلّامة']	['علام']
128	128	10	Mohammad	['كالفقيهين', 'الصالحين', 'شيخنا', 'الاصول', 'والبيان', 'والمنطق', 'الفقيهان ']	['فقيه', 'صالح', 'شيخ', 'الاصول', 'بيان', 'منطق', 'فقيه']
129	129	10	Ahmed	['كالفقيهين', 'الصالحين', 'الاصول', 'والبيان', 'والمنطق', 'الفقيهان ']	['فقيه', 'صالح', 'الاصول', 'بيان', 'منطق', 'فقيه']
130	130	10	Mahmud-Baghyo'o	['الفقيه']	['فقيه']
131	131	10	Abdallah	['والفقيهين']	['فقيه']
132	132	10	'Abderrahman	['والفقيهين']	['فقيه']
133	133	10	Mahmud (2)	['الفقيه']	['فقيه']
134	134	10	Ahmed-ben-Mohammed-ben-Sa'id	['فقيه', 'عالم', 'محصّل', 'مدرّس']	['فقيه', 'عالم', 'محصل', 'مدرس']
135	135	10	Mahmud-ben-'Omar	['الفقيه']	['فقيه']
136	136	10	Mohammed-ben-Mahmoud-ben-'Abu-Bekr	['الونكريّ', 'التنبكتيّ', 'شيخا', 'وبركتنا', 'الفقيه', 'العالم', 'المتفنّن', 'الصالح', 'العابد', 'الناسك', 'صالحي', 'خيار', 'والعلماء', 'العاملين', 'مطبوعاً', 'الخير', 'وحسن', 'النيّة', 'وسلامة', 'الخير', 'ويتفجع', 'العلم', 'العجب العجائب', 'محبّته', 'صبر', 'الفقيه', 'صبره', 'العبادة', 'العفّة', 'والمسكنة', 'اقوى', 'سكينة', 'ووقار', 'وحسن', 'وحياء', 'محبًّا', 'مادحاً', 'ومثنياً', 'بالخير', 'صادقاً', 'طويل الروح', 'تشبّثه', 'الاقراء', 'درّاكاً', 'ذكيًّا', 'فطناً', 'حاضر', 'سريع الفهم', 'منوّر', 'البصيرة', 'سكوناً', 'صموتاً', 'وقوراً', 'جودة', 'الفهم', 'وسرعة', 'الادراك', 'معروفاً', 'سيدي', 'الاصول', 'والبيان', 'والمنطق', 'اخيراً', 'شيخ', 'دروسه', 'لانصافه', 'وتواضعه', 'وقبوله', 'الحقّ']	['الونكري', 'التنبكتي', 'شيخ', 'بركة', 'فقيه', 'عالم', 'متفنن', 'صالح', 'عابد', 'ناسك', 'صالح', 'خيار', 'علماء', 'عامل', 'مطبوع', 'خير', 'حسن', 'نية', 'سلام', 'خير', 'تفجع', 'علم', 'عجب', 'محب', 'صبر', 'فقيه', 'صبر', 'عباد', 'عف', 'مسكن', 'اقوى', 'سكينة', 'وقار', 'حسن', 'حياء', 'محب', 'مادح', 'مثنى', 'خير', 'صادق', 'طويل', 'تشبث', 'الاقراء', 'دراك', 'ذكي', 'طن', 'حاضر', 'سريع', 'منور', 'بصير', 'سكون', 'صموت', 'قور', 'جود', 'فهم', 'سرع', 'الادراك', 'معروف', 'سيد', 'الاصول', 'بيان', 'منطق', 'اخيرا', 'شيخ', 'دروس', 'لانصافه', 'تواضع', 'قبول', 'حق']
137	137	10	Ahmed-ben-Mohammed-ben-Said	['سيّدي', 'الفقيه']	['سيد', 'فقيه']
138	138	10	Ahmed (2)	['الفقيه', 'الصالح']	['فقيه', 'صالح']
139	139	10	Youcef-El-Aumayouni	['والشريف']	['شريف']
140	140	10	El-Barahamouchi 	['الحنفيّ']	['حنف']
141	141	10	Mohammed-El-Bekri 	['والامام', 'ابو', 'المكارم', 'ولّي الله', 'القطب', 'الجامع', 'سيدي', 'المباركة', 'السيدي']	['والامام', 'بوى', 'مكارم', 'ولى', 'قطب', 'جامع', 'سيد', 'مبارك', 'سيد']
142	142	10	'Abou-Abdallah	['الشيخ', 'الفقيه', 'الولّي', 'الصالح']	['شيخ', 'فقيه', 'الولي', 'صالح']
143	143	10	Moaddib-Mohammed-El-Kâbari	['القاضى']	['قاضى']
144	144	10	Abderrahman (2)	['الولّي', 'الزاهد', 'الفقيه']	['الولي', 'زاهد', 'فقيه']
145	145	10	Mahmud (3)	['الفقيه']	['فقيه']
146	146	10	Moaddib-Mohammed-El-Kâbari	['الشيخ', 'الفقيه', 'القاضى', 'شيخ', 'الشيوخ', 'العلم', 'والصلاح']	['شيخ', 'فقيه', 'قاضى', 'شيخ', 'شيوخ', 'علم', 'صلاح']
147	147	10	'Abderrahman-Et-Temîmi	['الاشياخ', 'الفقيه', 'سيدي']	['الاشياخ', 'فقيه', 'سيد']
148	148	10	Habîb	['القاضى']	['قاضى']
149	149	10	Anda-Ag-Mohammed 	['والفقيه']	['فقيه']
150	150	10	Mahmoud (2)	['الفقيه', 'القاضى', 'الفقيه']	['فقيه', 'قاضى', 'فقيه']
151	151	10	'Omar-ben-Mohammed-Aqît	['الفقيه']	['فقيه']
152	152	10	Yahya-ben-Abderrahim-ben-'Abderrahman-Ets-Tsa'alebi-ben-Yahia-El-Bekkaï-ben-'Abou'l-Hasan-'Ali-ben-Abdallah-ben-Abdeldjebbâr-ben-Temim-ben-Hormoz-ben-Hâtem-ben-Qosaï-ben-Youcef-ben-Youch'a-ben-Ouard-ben-Battâl-ben-Ahmed-ben-Mohammed-ben-Aïssa-ben-Mohammed-ben-El-Hasan-ben-'Ali-ben-'Abou-Tâleb (Yahya-Et-Tâdelsi) (Yahya)	['والعلّامة', 'القطب', 'سيدي', 'الشيخ', 'الامام', 'الولّي', 'العارف', 'القدوة', 'المكاشف', 'القطب', 'الغوث', 'الجامع', 'السالك', 'السيدي', 'الشريف', 'الربّانيّ', 'سيّدي', 'الشيخ', 'سيّدي', 'وسيدي', 'غاية', 'الأكرام', 'اماماً', 'الغاية', 'القصوى', 'ذكره', 'العلم', 'والصلاح', 'والولاية', 'بركاته', 'كرامات', 'ومكاشفات', 'وسيدي', 'افضل']	['علام', 'قطب', 'سيد', 'شيخ', 'الامام', 'الولي', 'عارف', 'قدوة', 'المكاشف', 'قطب', 'غوث', 'جامع', 'سالك', 'سيد', 'شريف', 'ربان', 'سيد', 'شيخ', 'سيد', 'سيد', 'غاي', 'الأكرام', 'اماما', 'غاي', 'قصوى', 'ذكر', 'علم', 'صلاح', 'ولاية', 'بركة', 'كرامة', 'مكاشفة', 'سيد', 'فضل']
153	153	10	'Omar-Anda-Ag-Mohammed-Aqît	['الفقيه']	['فقيه']
154	154	10	El-Hadj-Ahmed-ben-'Omar-ben-Mohammed-Aqît 	['ولّي الله', 'الفقيه']	['ولى', 'فقيه']
155	155	10	El-Amin-ben-Ahmed	['شيخنا', 'الزاهد', 'الفقيه', 'شيخنا', 'الزاهد', 'الفقيه']	['شيخ', 'زاهد', 'فقيه', 'شيخ', 'زاهد', 'فقيه']
156	156	10	Abderrahman (3)	['الفقيه', 'الشيخ', 'المبارك']	['فقيه', 'شيخ', 'مبارك']
157	157	10	Mohammed-Naddi	['تنبكتك', 'الشيخ']	['تنبك', 'شيخ']
158	158	10	Mahmoud (3)	['ابو', 'البركات', 'الفقيه', 'القاضى']	['بوى', 'بركة', 'فقيه', 'قاضى']
159	159	10	'Abou-Zeïd-'Abderrahman	['الولّي', 'الزاهد', 'الفقيه', 'الواعظ']	['الولي', 'زاهد', 'فقيه', 'واعظ']
160	160	10	Mahmoud (4)	['الفقيه']	['فقيه']
161	161	10	'Abderrahman-Et-Temîmi	['سيدّي', 'الفقه']	['سيدي', 'فقه']
162	162	10	Habib (2)	['القاضى']	['قاضى']
163	163	10	Masira-Bobo-Ez-Zoghrâni	['الشيخ', 'عالماً', 'فضلاً', 'خيراً', 'صالحاً', 'عابداً', 'بالصلاح', 'يحسن']	['شيخ', 'عالم', 'فضل', 'خير', 'صالح', 'عابد', 'صلاح', 'حسن']
164	164	10	Mahmud-ben-'Omar	['الفقيه']	['فقيه']
165	165	10	Abderrahman (4)	['الواعظ', 'الزاهد', 'الفقيه', 'شيخه', 'الفقيه', 'الشيخ', 'شيخه', 'الفقيه']	['واعظ', 'زاهد', 'فقيه', 'شيخ', 'فقيه', 'شيخ', 'شيخ', 'فقيه']
166	166	10	Mahmud (3)	['الفقيه', 'الفقيه', 'الفقيه']	['فقيه', 'فقيه', 'فقيه']
167	167	10	Abou-Abdallah-Mohammed -ben-Mohammed-ben-'Ali-ben-Mousa ('Oriân-er-râs (Bare Head))	['الشيخ', 'العارف', 'بالله', 'الولّي', 'المكاتفَ', 'صاحب', 'الكرامات', 'الفقيه', 'عباد', 'الله', 'الصالحين', 'زاهداً', 'سخياً', 'المباركة', 'المباركين', 'الشيخ', 'المبارك', 'سيّدي', 'السيدي', 'السيدي']	['شيخ', 'عارف', 'الله', 'الولي', 'المكاتف', 'صاحب', 'كرامة', 'فقيه', 'عباد', 'الله', 'صالح', 'زاهد', 'سخي', 'مبارك', 'مبارك', 'شيخ', 'مبارك', 'سيد', 'سيد', 'سيد']
168	168	10	Ahmed-ben-El-Hâdj -Ahmed-ben-'Omar-ben-Mohammed-Aqît	['الفقيه', 'العلّامة', 'الحافظ', 'الفقيه']	['فقيه', 'علام', 'حافظ', 'فقيه']
169	169	10	Ahmed (3)	['الفقيه']	['فقيه']
170	170	10	Mohammed-Baba	['شيخنا', 'العلّامة', 'الفقيه']	['شيخ', 'علام', 'فقيه']
171	171	10	El-Amin	['الفقيه', 'شيخنا', 'الفقيه', 'الذاكر', 'الفقيه', 'شيخنا', 'الفقيه']	['فقيه', 'شيخ', 'فقيه', 'ذاكر', 'فقيه', 'شيخ', 'فقيه']
172	172	10	Mahmud-ben-Ahmed-ben-'Abderrahman	['القاضى']	['قاضى']
173	173	10	El-Amin-ben-Ahmed	['الفقيه', 'العالم', 'الزاهد', 'الصالح', 'التقيّ', 'الورع', 'شيخنا', 'المجتهد']	['فقيه', 'عالم', 'زاهد', 'صالح', 'تقي', 'ورع', 'شيخ', 'مجتهد']
174	174	10	'Abderrahman-ben-Ahmed	['الفقيه']	['فقيه']
175	175	10	'Omar-ben-Mohammed-ben-'Omar	['الفقيه']	['فقيه']
176	176	10	Ahmed-Moghya	['الفقيه']	['فقيه']
177	177	10	Ahmed (4)	['والفقيه', 'القاضى', 'سيدي', 'والسيدي', 'سيّدي']	['فقيه', 'قاضى', 'سيد', 'سيد', 'سيد']
178	178	10	Mahmud-Baghyo'o	['الشيخ', 'العلّامة', 'الفقيه']	['شيخ', 'علام', 'فقيه']
